{
  "aeropuertos": [
    {
      "nombre": "El Dorado",
      "codigo": "BOG",
      "nombreCiudad": "Bogota",
      "latitud": 4.7016,
      "longitud": -74.1469
    },
    {
      "nombre": "John F Kennedy",
      "codigo": "JFK",
      "nombreCiudad": "New York",
      "latitud": 40.6413,
      "longitud": -73.7781
    }
  ],

  "aviones": [
    {
      "nombre": "Boeing737",
      "capacidad": 100
    }
  ],

  "rutas": [
    {
      "codigoRuta": "4558",
      "origen": "BOG",
      "destino": "JFK",
      "horaSalida": "0800",
      "horaLlegada": "1200"
    }
  ],

  "vuelos": [
    {
      "codigoRuta": "4558",
      "fecha": "2024-11-05",
      "nombreAvion": "Boeing737"
    }
  ]
}